genius_url,created_at,language,file_name,song_spotify_id
https://genius.com/Miley-cyrus-flowers-lyrics,2023-02-02 02:27:52.723400,en,1b71067a-c16c-5d31-aee6-8faf903fa65c.txt,0yLdNVWF3Srea0uzk55zFn
https://genius.com/Genius-traducciones-al-espanol-miley-cyrus-flowers-traduccion-al-espanol-lyrics,2023-02-02 02:27:54.546067,es,6eb394d8-fc07-5554-a895-e9aec42105e8.txt,0yLdNVWF3Srea0uzk55zFn
https://genius.com/Genius-brasil-traducoes-miley-cyrus-flowers-traducao-em-portugues-lyrics,2023-02-02 02:28:34.927935,pt,8681353b-b8bf-56b8-8200-0c1678224aca.txt,0yLdNVWF3Srea0uzk55zFn
https://genius.com/Genius-swahili-translations-miley-cyrus-flowers-swahili-translation-lyrics,2023-02-02 02:29:15.633214,en,b443dbb8-9250-55a2-ae5d-064fd320e3a3.txt,0yLdNVWF3Srea0uzk55zFn
https://genius.com/Genius-deutsche-ubersetzungen-miley-cyrus-flowers-deutsche-ubersetzung-lyrics,2023-02-02 02:29:53.915384,de,27bf3af9-e03f-512c-8ae4-01da4434db6f.txt,0yLdNVWF3Srea0uzk55zFn
https://genius.com/Genius-traduzioni-italiane-miley-cyrus-flowers-traduzione-italiana-lyrics,2023-02-02 02:30:35.654290,it,e15cb92f-b69c-51ea-a605-29700b98775c.txt,0yLdNVWF3Srea0uzk55zFn
https://genius.com/Genius-srpski-prevodi-miley-cyrus-flowers-srpski-prevod-lyrics,2023-02-02 02:31:11.126723,sl,4733ffe2-230f-5808-81cd-ccc42d7c364c.txt,0yLdNVWF3Srea0uzk55zFn
https://genius.com/Genius-nederlandse-vertalingen-miley-cyrus-flowers-nederlandse-vertaling-lyrics,2023-02-02 02:31:42.352786,en,779cd7fe-1a8b-5af4-82a8-3459065fd4bb.txt,0yLdNVWF3Srea0uzk55zFn
https://genius.com/Genius-swedish-translations-miley-cyrus-flowers-svensk-oversattning-lyrics,2023-02-02 02:32:17.531037,sv,00cac069-6da4-5f28-901d-eaf85d7b7bda.txt,0yLdNVWF3Srea0uzk55zFn
https://genius.com/Polskie-tumaczenia-genius-miley-cyrus-flowers-polskie-tumaczenie-lyrics,2023-02-02 02:32:55.782119,pl,fa153432-d51d-5139-a5f5-131d64fe735d.txt,0yLdNVWF3Srea0uzk55zFn
https://genius.com/Genius-turkce-ceviri-miley-cyrus-flowers-turkce-ceviri-lyrics,2023-02-02 02:33:29.106525,tr,5b6172b8-4f3c-5bd0-b319-0ec78a16ec79.txt,0yLdNVWF3Srea0uzk55zFn
https://genius.com/Genius-greek-translations-miley-cyrus-flowers-greek-translation-lyrics,2023-02-02 02:34:10.383240,el,44b53b91-c3f2-5d99-a051-30f5cc562cd8.txt,0yLdNVWF3Srea0uzk55zFn
https://genius.com/Bizarrap-and-shakira-shakira-bzrp-music-sessions-vol-53-lyrics,2023-02-02 02:34:42.768317,es,6f4b7fce-5164-5016-908c-2fd8d638699c.txt,4nrPB8O7Y7wsOCJdgXkthe
https://genius.com/Genius-english-translations-bizarrap-and-shakira-shakira-bzrp-music-sessions-vol-53-english-translation-lyrics,2023-02-02 02:34:44.371466,en,5a8376a3-975e-53c4-add0-6f9f21c93608.txt,4nrPB8O7Y7wsOCJdgXkthe
https://genius.com/Genius-deutsche-ubersetzungen-bizarrap-and-shakira-shakira-bzrp-music-sessions-vol-53-deutsche-ubersetzung-lyrics,2023-02-02 02:35:26.934704,de,375d18e7-77ea-5429-af4f-24dd0cb3ec92.txt,4nrPB8O7Y7wsOCJdgXkthe
https://genius.com/Genius-brasil-traducoes-bizarrap-and-shakira-shakira-bzrp-music-sessions-vol-53-traducao-em-portugues-lyrics,2023-02-02 02:36:12.767822,pt,f6b4ca4b-625e-5f0f-bd7c-1bbe9df020b9.txt,4nrPB8O7Y7wsOCJdgXkthe
https://genius.com/Sza-kill-bill-lyrics,2023-02-02 02:36:43.835470,en,e8ce8609-4ec8-56db-8b54-8c59e36039d7.txt,1Qrg8KqiBpW07V7PNxwwwL
https://genius.com/Genius-traducciones-al-espanol-sza-kill-bill-traduccion-al-espanol-lyrics,2023-02-02 02:36:47.618091,es,0f21cbdb-c851-51ea-bbb7-23078a4aebf5.txt,1Qrg8KqiBpW07V7PNxwwwL
https://genius.com/Genius-brasil-traducoes-sza-kill-bill-traducao-em-portugues-lyrics,2023-02-02 02:37:29.692175,pt,4a9f6853-e6a3-5389-8b54-dae9975ee04c.txt,1Qrg8KqiBpW07V7PNxwwwL
https://genius.com/Genius-traduzioni-italiane-sza-kill-bill-traduzione-italiana-lyrics,2023-02-02 02:38:15.941066,it,3f9632b6-1bee-587c-8fe4-c5ba0583fc60.txt,1Qrg8KqiBpW07V7PNxwwwL
https://genius.com/Genius-turkce-ceviri-sza-kill-bill-turkce-ceviri-lyrics,2023-02-02 02:38:49.737403,tr,03b72cc7-0244-5a0b-bebf-8816cab2ea81.txt,1Qrg8KqiBpW07V7PNxwwwL
https://genius.com/Genius-deutsche-ubersetzungen-sza-kill-bill-deutsche-ubersetzung-lyrics,2023-02-02 02:39:25.353030,de,bf482692-545d-5b8c-aef3-108728357694.txt,1Qrg8KqiBpW07V7PNxwwwL
https://genius.com/Genius-nederlandse-vertalingen-sza-kill-bill-nederlandse-vertaling-lyrics,2023-02-02 02:39:58.545525,nl,ca624882-30cf-5fbf-bb1a-0360a3b090cc.txt,1Qrg8KqiBpW07V7PNxwwwL
https://genius.com/Genius-japanese-translations-sza-kill-bill-lyrics,2023-02-02 02:40:35.795045,ja,ea2c18fa-c86d-5c3f-aeb1-c26134070cd6.txt,1Qrg8KqiBpW07V7PNxwwwL
https://genius.com/Spotify-new-music-friday-12-02-22-annotated,2023-02-02 02:41:19.965376,en,18e79c64-43b2-511e-8cc1-fa7ac84852d4.txt,2dHHgzDwk4BJdRwy9uXhTO
https://genius.com/Harry-styles-as-it-was-lyrics,2023-02-02 02:41:24.690470,en,d54a48e9-d4ea-5c24-85b8-170df465b34b.txt,4Dvkj6JhhA12EX05fT7y2e
https://genius.com/Genius-turkce-ceviri-harry-styles-as-it-was-turkce-ceviri-lyrics,2023-02-02 02:41:25.788433,en,2fcce819-c405-5e91-89e3-732dc8ef8490.txt,4Dvkj6JhhA12EX05fT7y2e
https://genius.com/Genius-traducciones-al-espanol-harry-styles-as-it-was-traduccion-al-espanol-lyrics,2023-02-02 02:42:08.445063,en,d5269966-eb24-5521-aca7-864be2911072.txt,4Dvkj6JhhA12EX05fT7y2e
https://genius.com/Genius-brasil-traducoes-harry-styles-as-it-was-traducao-em-portugues-lyrics,2023-02-02 02:42:44.187288,pt,5b28eafd-f333-55a0-8ad3-8e3629f99dee.txt,4Dvkj6JhhA12EX05fT7y2e
https://genius.com/Genius-japanese-translations-harry-styles-as-it-was-lyrics,2023-02-02 02:43:27.379900,ja,ecaac958-1ef4-587f-9b09-21413043fa86.txt,4Dvkj6JhhA12EX05fT7y2e
https://genius.com/Genius-traduzioni-italiane-harry-styles-as-it-was-traduzione-italiana-lyrics,2023-02-02 02:44:03.763020,en,69d814bd-6b74-5e68-a3ed-9e8e4c113475.txt,4Dvkj6JhhA12EX05fT7y2e
https://genius.com/Genius-greek-translations-harry-styles-as-it-was-lyrics,2023-02-02 02:44:38.282375,el,993129be-35a8-5157-a714-7f7c0188dece.txt,4Dvkj6JhhA12EX05fT7y2e
https://genius.com/Genius-deutsche-ubersetzungen-harry-styles-as-it-was-deutsche-ubersetzung-lyrics,2023-02-02 02:45:16.013842,de,6f8e749b-326b-570b-a268-0a947d65c4a0.txt,4Dvkj6JhhA12EX05fT7y2e
https://genius.com/Genius-traductions-francaises-harry-styles-as-it-was-traduction-francaise-lyrics,2023-02-02 02:45:47.799396,en,e7822d2c-88b7-5050-badd-599a4614f41b.txt,4Dvkj6JhhA12EX05fT7y2e
https://genius.com/Genius-pagsasalin-sa-filipino-harry-styles-as-it-was-filipino-translation-lyrics,2023-02-02 02:46:30.378233,en,3136aa70-5bfb-5941-9a29-ed69629b6e97.txt,4Dvkj6JhhA12EX05fT7y2e
https://genius.com/Genius-farsi-translations-harry-styles-as-it-was-lyrics,2023-02-02 02:47:02.088544,en,acbb2d13-6eb7-55d0-a641-edb1b1581c02.txt,4Dvkj6JhhA12EX05fT7y2e
https://genius.com/Genius-nederlandse-vertalingen-harry-styles-as-it-was-nederlandse-vertaling-lyrics,2023-02-02 02:47:48.414591,en,af48acad-3482-5296-8d2b-97dcb5258da8.txt,4Dvkj6JhhA12EX05fT7y2e
https://genius.com/Genius-perkthim-ne-shqip-harry-styles-as-it-was-perkthim-ne-shqip-lyrics,2023-02-02 02:48:19.716216,sq,57cd49be-e0da-53a3-967d-661c359a9af8.txt,4Dvkj6JhhA12EX05fT7y2e
https://genius.com/Polskie-tumaczenia-genius-harry-styles-as-it-was-polskie-tumaczenie-lyrics,2023-02-02 02:48:51.692756,pl,54891ac7-6e81-5456-8dd2-596df8622287.txt,4Dvkj6JhhA12EX05fT7y2e
https://genius.com/Spotify-new-music-friday-09-23-22-annotated,2023-02-02 02:49:33.549973,en,ecc87f45-1b13-5bfb-8c7d-fce44c0f4a41.txt,0NZPBYD5qbEWRs3PrGiRkT
https://genius.com/David-guetta-and-bebe-rexha-im-good-blue-lyrics,2023-02-02 02:49:36.893890,en,442b8f5d-23c6-5201-8cc9-aca32eecd217.txt,4uUG5RXrOk84mYEfFvj3cK
https://genius.com/Genius-brasil-traducoes-david-guetta-and-bebe-rexha-im-good-blue-traducao-em-portugues-lyrics,2023-02-02 02:49:41.126477,pt,be95aace-c558-5e03-8134-680e42f7bf9e.txt,4uUG5RXrOk84mYEfFvj3cK
https://genius.com/Spotify-new-music-friday-08-26-22-annotated,2023-02-02 02:50:16.866103,en,5673de83-1c3a-5ace-b28c-41316e949717.txt,0WtM2NBVQNNJLh6scP13H8
https://genius.com/Yandel-and-feid-yandel-150-lyrics,2023-02-02 02:50:18.212908,es,a9ad4e91-3a89-5d19-82fb-b732d6cfafae.txt,4FAKtPVycI4DxoOHC01YqD
https://genius.com/Raye-escapism-lyrics,2023-02-02 02:50:22.006534,en,25fef696-07dd-5da5-a438-a13a37366218.txt,5WxVXxCMRnvxUKFq40ELwq
https://genius.com/Genius-turkce-ceviri-raye-escapism-turkce-ceviri-lyrics,2023-02-02 02:50:23.728663,tr,6f4a6dcd-821b-50c4-bc63-d1551fc7c45b.txt,5WxVXxCMRnvxUKFq40ELwq
https://genius.com/Genius-traducciones-al-espanol-raye-escapism-ft-070-shake-traduccion-al-espanol-lyrics,2023-02-02 02:51:03.350403,es,e6c3c879-fd31-5297-a2e8-201e624638b7.txt,5WxVXxCMRnvxUKFq40ELwq
https://genius.com/Genius-brasil-traducoes-raye-escapism-ft-070-shake-traducao-em-portugues-lyrics,2023-02-02 02:51:35.659138,pt,cc7825a3-a1bd-5729-bad7-0d46f9f3f0d5.txt,5WxVXxCMRnvxUKFq40ELwq
https://genius.com/Manuel-turizo-la-bachata-lyrics,2023-02-02 02:52:20.752566,es,1f79edb5-db31-5078-99ac-f9da9693b6f6.txt,5ww2BF9slyYgNOk37BlC4u
https://genius.com/Genius-english-translations-manuel-turizo-la-bachata-english-translation-lyrics,2023-02-02 02:52:22.360811,en,14a7a845-7855-5cab-9aa9-29625fb8e648.txt,5ww2BF9slyYgNOk37BlC4u
https://genius.com/Taylor-swift-anti-hero-lyrics,2023-02-02 02:52:55.405182,en,365c129d-0c53-5207-aa01-3a3a74490285.txt,0V3wPSX9ygBnCm8psDIegu
https://genius.com/Genius-brasil-traducoes-taylor-swift-anti-hero-traducao-em-portugues-lyrics,2023-02-02 02:52:57.440291,pt,f6f304f8-d60c-56bf-9bd5-ee8c428ba838.txt,0V3wPSX9ygBnCm8psDIegu
https://genius.com/Genius-traducciones-al-espanol-taylor-swift-anti-hero-traduccion-al-espanol-lyrics,2023-02-02 02:53:34.448882,es,34a308f6-7c26-54f4-9da1-59692a2bdfcd.txt,0V3wPSX9ygBnCm8psDIegu
https://genius.com/Genius-turkce-ceviri-taylor-swift-anti-hero-turkce-ceviri-lyrics,2023-02-02 02:54:13.023939,tr,45231dec-690d-5ead-b9a9-ca4d0975b02d.txt,0V3wPSX9ygBnCm8psDIegu
https://genius.com/Genius-traductions-francaises-taylor-swift-anti-hero-traduction-francaise-lyrics,2023-02-02 02:54:59.557047,fr,85d1d2d2-9cc9-583e-8200-04588de8893d.txt,0V3wPSX9ygBnCm8psDIegu
https://genius.com/Genius-chinese-translations-taylor-swift-anti-hero-lyrics,2023-02-02 02:55:36.859277,zh,40252e78-e897-5947-af8f-dd271a3f9bf3.txt,0V3wPSX9ygBnCm8psDIegu
https://genius.com/Genius-nederlandse-vertalingen-taylor-swift-anti-hero-nederlandse-vertaling-lyrics,2023-02-02 02:56:21.295637,nl,9ca1d589-20a6-5061-893b-fc09316ae472.txt,0V3wPSX9ygBnCm8psDIegu
https://genius.com/Genius-deutsche-ubersetzungen-taylor-swift-anti-hero-deutsche-ubersetzung-lyrics,2023-02-02 02:56:58.481259,de,f72f3cad-c1fc-5285-accf-42b8322a4fae.txt,0V3wPSX9ygBnCm8psDIegu
https://genius.com/Genius-thai-translations-taylor-swift-anti-hero-lyrics,2023-02-02 02:57:38.796039,th,1784199b-ea91-5b11-9e06-0208bf035a1b.txt,0V3wPSX9ygBnCm8psDIegu
https://genius.com/Genius-traduzioni-italiane-taylor-swift-anti-hero-traduzione-italiana-lyrics,2023-02-02 02:58:22.206243,it,db5cbb69-fb4f-566e-84cd-6e03f209d00e.txt,0V3wPSX9ygBnCm8psDIegu
https://genius.com/Genius-swedish-translations-taylor-swift-anti-hero-svensk-oversattning-lyrics,2023-02-02 02:58:57.171998,sv,13a8a15f-713a-5562-af13-b30b8b5122e7.txt,0V3wPSX9ygBnCm8psDIegu
https://genius.com/Genius-ukrainian-translations-taylor-swift-anti-hero-lyrics,2023-02-02 02:59:36.582717,uk,ef96e05a-2280-5d98-838f-2eee04e74d4d.txt,0V3wPSX9ygBnCm8psDIegu
https://genius.com/Arcangel-and-bad-bunny-la-jumpa-lyrics,2023-02-02 03:00:18.675190,es,f46e9fef-bf04-5b25-8262-8acc0b32e14b.txt,2mnXxnrX5vCGolNkaFvVeM
https://genius.com/Genius-english-translations-arcangel-and-bad-bunny-la-jumpa-english-translation-lyrics,2023-02-02 03:00:20.379992,en,ee4f59fd-418f-5475-b008-cce2bfe352ee.txt,2mnXxnrX5vCGolNkaFvVeM
https://genius.com/Genius-deutsche-ubersetzungen-arcangel-and-bad-bunny-la-jumpa-deutsche-ubersetzung-lyrics,2023-02-02 03:00:54.771852,de,d322b478-35e8-5083-b6b2-b36d3b8562d7.txt,2mnXxnrX5vCGolNkaFvVeM
https://genius.com/Marshmello-here-with-me-lyrics,2023-02-02 03:01:33.902522,en,3f97a5cb-b091-5605-b75e-1a907cfc8403.txt,78Sw5GDo6AlGwTwanjXbGh
https://genius.com/Newjeans-ditto-lyrics,2023-02-02 03:01:35.280959,ko,9479a112-f7b3-5779-b756-d90e142f27fc.txt,3r8RuvgbX9s7ammBn07D3W
https://genius.com/Genius-english-translations-newjeans-ditto-english-translation-lyrics,2023-02-02 03:01:36.844270,en,3d956ac2-70b3-52ba-9164-dac73dc9a779.txt,3r8RuvgbX9s7ammBn07D3W
https://genius.com/Genius-romanizations-newjeans-ditto-romanized-lyrics,2023-02-02 03:02:22.310954,en_rom,b7da1a22-0be6-5ca2-99da-0383b454cbdc.txt,3r8RuvgbX9s7ammBn07D3W
https://genius.com/Genius-japanese-translations-newjeans-ditto-lyrics,2023-02-02 03:02:59.583286,en,e2a18096-150d-5a86-8cbd-4ee62fafe46a.txt,3r8RuvgbX9s7ammBn07D3W
https://genius.com/Genius-brasil-traducoes-newjeans-ditto-traducao-em-portugues-lyrics,2023-02-02 03:03:38.917352,pt,5a176c07-a7a2-5641-9225-72e3c226b775.txt,3r8RuvgbX9s7ammBn07D3W
https://genius.com/Genius-traducciones-al-espanol-newjeans-ditto-traduccion-al-espanol-lyrics,2023-02-02 03:04:22.412309,es,c683ccb6-2e53-5a53-84d5-3afe61830885.txt,3r8RuvgbX9s7ammBn07D3W
https://genius.com/Genius-ukrainian-translations-newjeans-ditto-lyrics,2023-02-02 03:04:59.772115,uk,dc9ea87c-6cae-530b-92a8-a78e7401721b.txt,3r8RuvgbX9s7ammBn07D3W
https://genius.com/Miguel-sure-thing-lyrics,2023-02-02 03:05:37.033993,en,5c5d3591-c554-57e4-a441-5ac2f353732a.txt,0JXXNGljqupsJaZsgSbMZV
https://genius.com/The-weeknd-die-for-you-lyrics,2023-02-02 03:05:38.501329,en,7bb7e354-54fd-5372-8fd0-3c392fd76cca.txt,2LBqCSwhJGcFQeTHMVGwy3
https://genius.com/Genius-brasil-traducoes-the-weeknd-die-for-you-traducao-em-portugues-lyrics,2023-02-02 03:05:40.703904,pt,8cf13df3-9d13-5d35-b9ad-96c81a554f08.txt,2LBqCSwhJGcFQeTHMVGwy3
https://genius.com/Genius-farsi-translations-the-weeknd-die-for-you-lyrics,2023-02-02 03:06:17.748842,fa,3d623cf3-af4b-5ce3-aa98-1f2e883e37d3.txt,2LBqCSwhJGcFQeTHMVGwy3
https://genius.com/Genius-turkce-ceviri-the-weeknd-die-for-you-turkce-ceviri-lyrics,2023-02-02 03:06:50.502654,tr,a652436b-4a24-5563-8c4c-b76adeb53f93.txt,2LBqCSwhJGcFQeTHMVGwy3
https://genius.com/Genius-traducciones-al-espanol-the-weeknd-die-for-you-traduccion-al-espanol-lyrics,2023-02-02 03:07:25.103858,es,33b60e6b-7de3-5dea-92f2-780d60b21151.txt,2LBqCSwhJGcFQeTHMVGwy3
https://genius.com/Bizarrap-and-quevedo-quevedo-bzrp-music-sessions-vol-52-lyrics,2023-02-02 03:08:00.468655,es,af8a92c1-f79b-51b0-a88e-a7d03e7ad41a.txt,2tTmW7RDtMQtBk7m2rYeSw
https://genius.com/Genius-english-translations-bizarrap-and-quevedo-quevedo-bzrp-music-sessions-vol-52-english-translation-lyrics,2023-02-02 03:08:02.155373,en,de7e01ab-e2e2-51bf-8d23-1744521935e0.txt,2tTmW7RDtMQtBk7m2rYeSw
https://genius.com/Genius-deutsche-ubersetzungen-bizarrap-and-quevedo-quevedo-bzrp-music-sessions-vol-52-deutsche-ubersetzung-lyrics,2023-02-02 03:08:39.355756,de,27ce3f8c-9c62-5598-a605-e4fbe527cac5.txt,2tTmW7RDtMQtBk7m2rYeSw
https://genius.com/Camila-cabello-omg-lyrics,2023-02-02 03:09:13.538819,en,64558e19-1a2d-5836-b9c6-bdbed9c8e822.txt,65FftemJ1DbbZ45DUfHJXE
https://genius.com/Genius-traductions-francaises-camila-cabello-omg-traduction-francaise-lyrics,2023-02-02 03:09:15.103145,fr,ddfcd5e2-40aa-5ea7-9ee1-9de3caa38ddb.txt,65FftemJ1DbbZ45DUfHJXE
https://genius.com/Jvke-golden-hour-lyrics,2023-02-02 03:10:00.523684,en,a9321ac1-4b63-5aef-8353-16fd37a796e8.txt,5odlY52u43F5BjByhxg7wg
https://genius.com/Genius-traductions-francaises-jvke-golden-hour-traduction-francaise-lyrics,2023-02-02 03:10:02.136785,fr,9ec7b217-b16e-5fe6-8b1e-9569525d689e.txt,5odlY52u43F5BjByhxg7wg
https://genius.com/Genius-traducciones-al-espanol-jvke-golden-hour-traduccion-al-espanol-lyrics,2023-02-02 03:10:45.216668,es,c00eb17f-3e0f-5353-b2b6-ff77acce3352.txt,5odlY52u43F5BjByhxg7wg
https://genius.com/Genius-brasil-traducoes-jvke-golden-hour-traducao-em-portugues-lyrics,2023-02-02 03:11:17.331765,pt,16734a9c-af71-5d3d-a5a6-97f1ff4284fe.txt,5odlY52u43F5BjByhxg7wg
https://genius.com/Ozuna-hey-mor-lyrics,2023-02-02 03:12:00.188597,es,3f50925d-9255-5766-9f01-2aefa82f4a43.txt,1zsPaEkglFvxjAhrM8yhpr
https://genius.com/Tom-odell-another-love-lyrics,2023-02-02 03:12:01.643605,en,ed161dd5-be0f-51fb-9283-33ee6b97b0ad.txt,7jtQIBanIiJOMS6RyCx6jZ
https://genius.com/Genius-uzbekcha-tarjima-tom-odell-another-love-uzbekcha-tarjima-lyrics,2023-02-02 03:12:03.189460,en,baea2516-369e-5733-b20b-3abf2fae2183.txt,7jtQIBanIiJOMS6RyCx6jZ
https://genius.com/Genius-turkce-ceviri-tom-odell-another-love-turkce-ceviri-lyrics,2023-02-02 03:12:43.395605,tr,fcb56be6-a1ec-5df3-80ed-6eab40dcf37c.txt,7jtQIBanIiJOMS6RyCx6jZ
https://genius.com/Onerepublic-i-aint-worried-lyrics,2023-02-02 03:13:20.246695,en,4b065210-4586-5ab2-b943-a50310b7c95e.txt,4h9wh7iOZ0GGn8QVp4RAOB
https://genius.com/Nas-made-you-look-lyrics,2023-02-03 02:43:51.480248,en,d1b05945-21f6-584a-8558-435a92b34bfb.txt,0QHEIqNKsMoOY5urbzN48u
https://genius.com/Blitzoglyphics-joynumb-lyrics,2023-02-03 02:43:55.246549,en,aed21c88-8757-5f0c-95ca-cd8211c4725d.txt,1Y3LN4zO1Edc2EluIoSPJN
https://genius.com/Arctic-monkeys-i-wanna-be-yours-lyrics,2023-02-03 02:43:59.667234,en,edef8657-e036-5580-813b-a3185d7b3233.txt,5XeFesFbtLpXzIVDNQP22n
https://genius.com/Genius-turkce-ceviri-arctic-monkeys-i-wanna-be-yours-turkce-ceviri-lyrics,2023-02-03 02:44:02.708031,tr,3ba3a65b-5218-5970-b847-ab7c4991b874.txt,5XeFesFbtLpXzIVDNQP22n
https://genius.com/Genius-traducciones-al-espanol-arctic-monkeys-i-wanna-be-yours-traduccion-al-espanol-lyrics,2023-02-03 02:44:40.948748,es,7caaebac-c026-5e38-bbef-138932eada4a.txt,5XeFesFbtLpXzIVDNQP22n
https://genius.com/Drake-and-21-savage-rich-flex-lyrics,2023-02-03 02:45:22.786544,en,afb60761-a547-51a0-9b89-da69baaec968.txt,1bDbXMyjaUIooNwFE9wn0N
https://genius.com/Genius-brasil-traducoes-drake-and-21-savage-rich-flex-traducao-em-portugues-lyrics,2023-02-03 02:45:26.338552,pt,3ee5d77d-9d24-5352-92a3-53d8f5c0d6ef.txt,1bDbXMyjaUIooNwFE9wn0N
https://genius.com/Genius-russian-translations-drake-and-21-savage-rich-flex-lyrics,2023-02-03 02:45:57.895989,ru,4c0d3b8b-8163-5753-b929-a10627cb287e.txt,1bDbXMyjaUIooNwFE9wn0N
https://genius.com/Genius-traducciones-al-espanol-drake-and-21-savage-rich-flex-traduccion-al-espanol-lyrics,2023-02-03 02:46:35.487529,es,24365100-2900-5edc-bbdc-98b0a89d7065.txt,1bDbXMyjaUIooNwFE9wn0N
https://genius.com/Eminem-mockingbird-lyrics,2023-02-03 02:47:13.403401,en,89fa27ad-97ad-50b4-a4aa-7fdb33046524.txt,561jH07mF1jHuk7KlaeF0s
https://genius.com/Genius-turkce-ceviri-eminem-mockingbird-turkce-ceviri-lyrics,2023-02-03 02:47:14.614401,tr,3275e368-ab84-5291-92f8-888dbe44094e.txt,561jH07mF1jHuk7KlaeF0s
https://genius.com/Genius-brasil-traducoes-eminem-mockingbird-traducao-em-portugues-lyrics,2023-02-03 02:48:01.212085,pt,08f0848d-4a7b-5132-a830-e965e49a3187.txt,561jH07mF1jHuk7KlaeF0s
https://genius.com/Genius-traduzioni-italiane-eminem-mockingbird-traduzione-italiana-lyrics,2023-02-03 02:48:42.686998,it,6e591231-621c-5a5d-9a45-5bad00adca38.txt,561jH07mF1jHuk7KlaeF0s
https://genius.com/Genius-deutsche-ubersetzungen-eminem-mockingbird-deutsche-ubersetzung-lyrics,2023-02-03 02:49:15.395103,de,c05d9fbe-d528-56e3-a0ac-2a7c8d85a532.txt,561jH07mF1jHuk7KlaeF0s
https://genius.com/Genius-traductions-francaises-eminem-mockingbird-traduction-francaise-lyrics,2023-02-03 02:49:48.993547,fr,17fe76a7-2c5b-5f3c-879c-e40006610841.txt,561jH07mF1jHuk7KlaeF0s
https://genius.com/Genius-arabic-translations-eminem-mockingbird-arabic-translation-lyrics,2023-02-03 02:50:32.572328,en,47087449-3c36-59dd-81df-b8a85957c6d4.txt,561jH07mF1jHuk7KlaeF0s
https://genius.com/Dua-lipa-love-again-lyrics,2023-02-03 02:51:10.543457,en,f0ae009d-7c6c-56eb-970c-42e1ff01e3fd.txt,4sx6NRwL6Ol3V6m9exwGlQ
https://genius.com/Genius-brasil-traducoes-dua-lipa-love-again-traducao-em-portugues-lyrics,2023-02-03 02:51:15.874798,pt,581048e7-a1ce-5f52-99c1-7304f9a39bd6.txt,4sx6NRwL6Ol3V6m9exwGlQ
https://genius.com/Genius-farsi-translations-dua-lipa-love-again-lyrics,2023-02-03 02:51:57.520184,fa,dd583a66-a215-5424-b935-a8d78f4cbeae.txt,4sx6NRwL6Ol3V6m9exwGlQ
https://genius.com/Genius-traducciones-al-espanol-dua-lipa-love-again-traduccion-al-espanol-lyrics,2023-02-03 02:52:39.896733,es,e53f9869-7592-5409-835f-e69e9f5e6646.txt,4sx6NRwL6Ol3V6m9exwGlQ
https://genius.com/Genius-nederlandse-vertalingen-dua-lipa-love-again-nederlandse-vertaling-lyrics,2023-02-03 02:53:27.838482,nl,2d764f75-ead9-568d-a383-54e544f4f7aa.txt,4sx6NRwL6Ol3V6m9exwGlQ
https://genius.com/Scopey-almost-every-album-ive-listened-to-lyrics,2023-02-03 02:56:36.934255,en,88ebab27-55ad-5b60-8210-1a28735eb430.txt,0vjeOZ3Ft5jvAi9SBFJm1j
https://genius.com/Fuerza-regida-and-grupo-frontera-bebe-dame-lyrics,2023-02-03 02:56:39.170232,es,13320463-0b95-53bf-bde6-9479fef5c364.txt,0IKeDy5bT9G0bA7ZixRT4A
https://genius.com/Macklemore-and-ryan-lewis-cant-hold-us-lyrics,2023-02-03 02:56:43.986950,en,4ab80ee3-d20c-5296-92d1-495215a33a91.txt,54ipXppHLA8U4yqpOFTUhr
https://genius.com/Feid-feliz-cumpleanos-ferxxo-lyrics,2023-02-03 02:56:45.653787,es,f9636ae6-617b-598a-89d1-e1b258cabaf0.txt,2CeKVsFFXG4QzA415QygGb
https://genius.com/Louis-tomlinson-miss-you-lyrics,2023-02-03 02:56:48.823892,en,716c143e-d007-5de3-bac1-9445e2d20d80.txt,73vIOb4Q7YN6HeJTbscRx5
https://genius.com/Xxxtentacion-sad-lyrics,2023-02-03 02:56:51.068598,en,c9a77396-5547-5712-837f-8e778a8b905c.txt,3zkyus0njMCL6phZmNNEeN
https://genius.com/Genius-turkce-ceviri-xxxtentacion-sad-turkce-ceviri-lyrics,2023-02-03 02:56:53.344472,az,e270ea65-d63a-52ec-b6b3-83dbd3da49a0.txt,3zkyus0njMCL6phZmNNEeN
https://genius.com/Genius-swedish-translations-xxxtentacion-sad-svensk-oversattning-lyrics,2023-02-03 02:57:44.735263,sv,ca3b9d3d-761b-52b0-8f81-eeb766665379.txt,3zkyus0njMCL6phZmNNEeN
https://genius.com/Genius-traducciones-al-espanol-xxxtentacion-sad-traduccion-al-espanol-lyrics,2023-02-03 02:58:39.676742,es,831ccc18-113a-5b40-95ea-92f16fba1b83.txt,3zkyus0njMCL6phZmNNEeN
https://genius.com/Genius-slovensky-preklad-xxxtentacion-sad-slovensky-preklad-lyrics,2023-02-03 02:59:40.061255,et,79a0c3c7-fce2-5313-b4c5-c3a08627b3b3.txt,3zkyus0njMCL6phZmNNEeN
https://genius.com/Genius-russian-translations-xxxtentacion-sad-lyrics,2023-02-03 03:00:30.947351,ru,e225d90a-fdce-50ae-a142-b80d7f867611.txt,3zkyus0njMCL6phZmNNEeN
https://genius.com/Genius-brasil-traducoes-xxxtentacion-sad-traducao-em-portugues-lyrics,2023-02-03 03:01:32.492287,pt,2c8f0dd6-ccee-5848-8abd-23cef9e0da24.txt,3zkyus0njMCL6phZmNNEeN
https://genius.com/Polskie-tumaczenia-genius-xxxtentacion-sad-polskie-tumaczenie-lyrics,2023-02-03 03:02:20.384084,pl,e42db867-7a40-55dd-b637-314993254790.txt,3zkyus0njMCL6phZmNNEeN
https://genius.com/Genius-traduzioni-italiane-xxxtentacion-sad-traduzione-italiana-lyrics,2023-02-03 03:03:13.795436,it,6dc0827a-f3b8-5902-ab32-e6e422dbcfc8.txt,3zkyus0njMCL6phZmNNEeN
https://genius.com/Genius-hebrew-translations-xxxtentacion-sad-lyrics,2023-02-03 03:04:02.094557,he,7987d4e0-5824-5ec9-b299-d63379b5c547.txt,3zkyus0njMCL6phZmNNEeN
https://genius.com/Genius-deutsche-ubersetzungen-xxxtentacion-sad-deutsche-ubersetzung-lyrics,2023-02-03 03:04:58.660198,de,7784d4f0-953f-565b-9850-500db36baba6.txt,3zkyus0njMCL6phZmNNEeN
https://genius.com/Genius-traductions-francaises-xxxtentacion-sad-traduction-francaise-lyrics,2023-02-03 03:05:58.971026,az,e01207b7-1436-5d03-a4ba-45890103873f.txt,3zkyus0njMCL6phZmNNEeN
https://genius.com/Genius-translations-xxxtentacion-sad-suomenkielinen-kaannos-lyrics,2023-02-03 03:06:53.867691,fi,8935cf34-bacd-5630-89f7-040a6831db8b.txt,3zkyus0njMCL6phZmNNEeN
https://genius.com/Genius-nederlandse-vertalingen-xxxtentacion-sad-nederlandse-vertaling-lyrics,2023-02-03 03:07:43.710852,nl,34de5112-886b-59b9-995d-664606bfb5bc.txt,3zkyus0njMCL6phZmNNEeN
https://genius.com/Genius-azrbaycan-trcum-xxxtentacion-sad-azrbaycan-trcum-lyrics,2023-02-03 03:08:45.395359,az,2ef1ce03-a653-5945-8564-e99a14d2d278.txt,3zkyus0njMCL6phZmNNEeN
https://genius.com/The-weeknd-starboy-lyrics,2023-02-03 03:09:39.207013,en,15ec99a9-2444-53fd-aeb2-7ce485321e4b.txt,7MXVkk9YMctZqd1Srtv4MB
https://genius.com/Genius-turkce-ceviri-the-weeknd-starboy-ft-daft-punk-turkce-ceviri-lyrics,2023-02-03 03:09:41.138138,tr,b8a2399c-4b6b-59bf-ab0f-4b43cb36c98f.txt,7MXVkk9YMctZqd1Srtv4MB
https://genius.com/Genius-traducciones-al-espanol-the-weeknd-starboy-ft-daft-punk-traduccion-al-espanol-lyrics,2023-02-03 03:10:35.965554,es,3b9d270b-dddd-5a77-a04f-7b8f939d3379.txt,7MXVkk9YMctZqd1Srtv4MB
https://genius.com/Genius-russian-translations-the-weeknd-starboy-ft-daft-punk-lyrics,2023-02-03 03:11:27.531895,ru,6939c90b-d505-5b26-a421-eb0e0d812216.txt,7MXVkk9YMctZqd1Srtv4MB
https://genius.com/Genius-brasil-traducoes-the-weeknd-starboy-ft-daft-punk-traducao-em-portugues-lyrics,2023-02-03 03:12:26.171105,pt,2adc32d9-36b0-5162-b301-cb18c1d1aaab.txt,7MXVkk9YMctZqd1Srtv4MB
https://genius.com/Genius-traductions-francaises-the-weeknd-starboy-ft-daft-punk-traduction-francaise-lyrics,2023-02-03 03:13:26.956041,fr,75734a8a-bcea-5e08-aca3-a6cdd321496f.txt,7MXVkk9YMctZqd1Srtv4MB
https://genius.com/The-kid-laroi-justin-bieber-stay-with-justin-bieber-lyrics,2023-02-03 03:14:23.845660,en,857d206e-de91-503e-b58a-192f843bc40e.txt,567e29TDzLwZwfDuEpGTwo
https://genius.com/D4vd-romantic-homicide-lyrics,2023-02-03 03:14:25.660207,en,13a2424d-6b75-528f-beec-d4d48baf04c0.txt,1xK59OXxi2TAAAbmZK0kBL
https://genius.com/Sza-snooze-lyrics,2023-02-03 03:14:27.468129,en,2448de30-5676-5d5b-b058-eca0fccba97a.txt,4iZ4pt7kvcaH6Yo8UoZ4s2
https://genius.com/Genius-traducciones-al-espanol-sza-snooze-traduccion-al-espanol-lyrics,2023-02-03 03:14:29.018021,es,00c03322-643b-5166-90c0-3c3fde5e8259.txt,4iZ4pt7kvcaH6Yo8UoZ4s2
https://genius.com/Genius-brasil-traducoes-sza-snooze-traducao-em-portugues-lyrics,2023-02-03 03:15:23.586999,pt,b1f56d64-9346-5e45-b03e-95939ced2c36.txt,4iZ4pt7kvcaH6Yo8UoZ4s2
https://genius.com/Karol-g-punto-g-lyrics,2023-02-03 03:16:24.910979,es,02178664-2eaa-5ad6-8fe6-1000e11cb7c1.txt,4WiQA1AGWHFvaxBU6bHghs
https://genius.com/Eminem-lose-yourself-lyrics,2023-02-03 03:17:44.580338,en,3a797045-bc41-50f6-9c8d-f056e5999b2d.txt,6zJejIfVYLgjud3lTk4DLB
https://genius.com/Genius-turkce-ceviri-eminem-lose-yourself-turkce-ceviri-lyrics,2023-02-03 03:17:45.704544,tr,ec7c9e72-9df5-5d9b-8801-d8ca60f9c562.txt,6zJejIfVYLgjud3lTk4DLB
https://genius.com/Genius-swedish-translations-eminem-lose-yourself-svensk-oversattning-lyrics,2023-02-03 03:18:33.944728,sv,e3ba4f25-ad65-5c65-a767-6859980139cc.txt,6zJejIfVYLgjud3lTk4DLB
https://genius.com/Genius-traducciones-al-espanol-eminem-lose-yourself-traduccion-al-espanol-lyrics,2023-02-03 03:19:26.739513,es,bc94edff-6384-5770-b262-2f40bea7cc9c.txt,6zJejIfVYLgjud3lTk4DLB
https://genius.com/Genius-brasil-traducoes-eminem-lose-yourself-traducao-em-portugues-lyrics,2023-02-03 03:20:19.172496,pt,b52f3b58-1024-5ae3-8333-024a76d3b73d.txt,6zJejIfVYLgjud3lTk4DLB
https://genius.com/Genius-traduzioni-italiane-eminem-lose-yourself-traduzione-italiana-lyrics,2023-02-03 03:21:20.299789,en,daca72a8-935e-54f5-ad07-c4e2aa4df984.txt,6zJejIfVYLgjud3lTk4DLB
https://genius.com/Genius-hindi-translations-eminem-lose-yourself-lyrics,2023-02-03 03:22:10.264946,mr,76e78b02-0685-5e9f-a4a1-ed6ee86c502f.txt,6zJejIfVYLgjud3lTk4DLB
https://genius.com/Genius-deutsche-ubersetzungen-eminem-lose-yourself-deutsche-ubersetzung-lyrics,2023-02-03 03:23:00.018178,de,fd5f42e6-c30d-59a6-b63a-4b1a602feca3.txt,6zJejIfVYLgjud3lTk4DLB
https://genius.com/Genius-traductions-francaises-eminem-lose-yourself-traduction-francaise-lyrics,2023-02-03 03:23:45.741027,fr,f4362ea0-1a8a-5e5b-b052-f2da060236b3.txt,6zJejIfVYLgjud3lTk4DLB
https://genius.com/Genius-azrbaycan-trcum-eminem-lose-yourself-azrbaycanca-trcum-lyrics,2023-02-03 03:24:40.132490,az,4f15c374-9f44-58ed-a0e3-afefe4fcf095.txt,6zJejIfVYLgjud3lTk4DLB
https://genius.com/Genius-russian-translations-eminem-lose-yourself-lyrics,2023-02-03 03:25:26.392226,ru,6fa64445-d682-5c62-8cf7-57c692abc9ad.txt,6zJejIfVYLgjud3lTk4DLB
https://genius.com/Bad-bunny-and-chencho-corleone-me-porto-bonito-lyrics,2023-02-03 03:26:23.880353,es,9a1fb5de-4fb7-5eb5-aef7-8bf67ccde4d1.txt,6Sq7ltF9Qa7SNFBsV5Cogx
https://genius.com/Genius-english-translations-bad-bunny-and-chencho-corleone-me-porto-bonito-english-translation-lyrics,2023-02-03 03:26:24.976939,en,3cefe5a7-fa69-5f5c-b7b1-d79f4580f6d4.txt,6Sq7ltF9Qa7SNFBsV5Cogx
https://genius.com/Genius-deutsche-ubersetzungen-bad-bunny-and-chencho-corleone-me-porto-bonito-deutsche-ubersetzung-lyrics,2023-02-03 03:27:15.460764,de,a0485820-fb3d-52a0-96fb-5a70b9c264df.txt,6Sq7ltF9Qa7SNFBsV5Cogx
https://genius.com/Genius-traductions-francaises-bad-bunny-and-chencho-corleone-me-porto-bonito-traductions-francaises-lyrics,2023-02-03 03:28:11.196747,fr,e96a9364-d807-555f-a7c9-3aba12086447.txt,6Sq7ltF9Qa7SNFBsV5Cogx
https://genius.com/Lil-uzi-vert-just-wanna-rock-lyrics,2023-02-03 03:29:05.603764,en,735720fb-1242-53b9-bcbb-4ae454e81cd6.txt,4FyesJzVpA39hbYvcseO2d
https://genius.com/The-neighbourhood-sweater-weather-lyrics,2023-02-03 03:29:07.599400,en,db7a647b-5b7f-562f-b805-e83e651d49f2.txt,2QjOHCTQ1Jl3zawyYOpxh6
https://genius.com/Genius-turkce-ceviri-the-neighbourhood-sweater-weather-turkce-ceviri-lyrics,2023-02-03 03:29:08.662513,tr,973505a6-91ae-5672-a752-d20fde00512f.txt,2QjOHCTQ1Jl3zawyYOpxh6
https://genius.com/Genius-brasil-traducoes-the-neighbourhood-sweater-weather-traducao-em-portugues-lyrics,2023-02-03 03:30:01.095810,pt,df01ada6-00a8-5c24-a72c-84fa46fb85e3.txt,2QjOHCTQ1Jl3zawyYOpxh6
https://genius.com/Genius-translations-the-neighbourhood-sweater-weather-dansk-oversttelse-lyrics,2023-02-03 03:30:48.300254,da,f5c6df3d-a404-5a33-824f-9148c802e847.txt,2QjOHCTQ1Jl3zawyYOpxh6
https://genius.com/Genius-russian-translations-the-neighbourhood-sweater-weather-lyrics,2023-02-03 03:31:36.599246,ru,7d3e295b-61c3-5c64-bf79-9836479ccb72.txt,2QjOHCTQ1Jl3zawyYOpxh6
https://genius.com/Eminem-under-the-influence-lyrics,2023-02-03 03:32:37.782419,en,f58c7199-ee76-57ab-8956-d62c54c55d47.txt,5IgjP7X4th6nMNDh4akUHb
https://genius.com/Pharaoh-amg-lyrics,2023-02-03 03:32:40.367002,ru,c969f378-b999-5056-ba33-d4317422e821.txt,1lRtH4FszTrwwlK5gTSbXO
https://genius.com/Genius-english-translations-pharaoh-amg-english-translation-lyrics,2023-02-03 03:32:41.912851,en,0d508877-452b-5473-9ce5-b334fe35f556.txt,1lRtH4FszTrwwlK5gTSbXO
https://genius.com/Steve-lacy-bad-habit-lyrics,2023-02-03 03:33:42.905972,en,3a07c966-b299-574e-a3aa-55ee79ff7ced.txt,4k6Uh1HXdhtusDW5y8Gbvy
https://genius.com/Genius-traducciones-al-espanol-steve-lacy-bad-habit-traduccion-al-espanol-lyrics,2023-02-03 03:33:44.423824,es,ccc68415-f1a3-5b19-8efd-436d77305135.txt,4k6Uh1HXdhtusDW5y8Gbvy
https://genius.com/Genius-brasil-traducoes-steve-lacy-bad-habit-traducao-em-portugues-lyrics,2023-02-03 03:34:30.891821,pt,085688f7-be4a-5887-9d57-913f2bc6bcb3.txt,4k6Uh1HXdhtusDW5y8Gbvy
https://genius.com/Genius-june-2021-singles-release-calendar-annotated,2023-02-03 03:35:32.615601,en,37dad74f-a2be-59d7-9030-971d22a27836.txt,2mpoNBkngUEwnaKoBhZ0vl
https://genius.com/Nengo-flow-and-bad-bunny-gato-de-noche-lyrics,2023-02-03 03:35:34.405055,es,5c72d3dc-a524-5415-b3a7-1c583b7736af.txt,54ELExv56KCAB4UP9cOCzC
https://genius.com/Genius-english-translations-nengo-flow-and-bad-bunny-gato-de-noche-english-translation-lyrics,2023-02-03 03:35:36.067858,en,2f47f733-cc1f-51d6-9f4e-7690f6866458.txt,54ELExv56KCAB4UP9cOCzC
https://genius.com/Genius-deutsche-ubersetzungen-nengo-flow-and-bad-bunny-gato-de-noche-deutsche-ubersetzung-lyrics,2023-02-03 03:36:35.445031,de,76f0e417-4dbf-5cd4-8925-03cf65a3b962.txt,54ELExv56KCAB4UP9cOCzC
https://genius.com/Rosalia-llylm-lyrics,2023-02-03 03:37:28.979012,en,0b87c7e4-d8e3-501c-ad63-70f76e979c0c.txt,2SiAcexM2p1yX6joESbehd
https://genius.com/Genius-brasil-traducoes-rosalia-llylm-traducao-em-portugues-lyrics,2023-02-03 03:37:30.782386,pt,6ceb52c7-18bd-54d1-b46e-3d621929293c.txt,2SiAcexM2p1yX6joESbehd
https://genius.com/Genius-traduccions-al-catala-rosalia-llylm-traduccio-al-catala-lyrics,2023-02-03 03:38:31.096835,ca,12e6e907-3052-5e76-94d2-4d48f3fea4c6.txt,2SiAcexM2p1yX6joESbehd
https://genius.com/Genius-english-translations-rosalia-llylm-english-translation-lyrics,2023-02-03 03:39:25.222180,en,f2dd7106-4781-5bf8-9b43-6328a00bc9d0.txt,2SiAcexM2p1yX6joESbehd
https://genius.com/Lao-ma--annotated,2023-02-03 03:43:16.778539,zh,d9c35984-b7b4-5262-9ebc-2c2302ad9a8c.txt,72OVnXDzugvrCU25lMi9au
https://genius.com/Newjeans-hype-boy-lyrics,2023-02-03 16:11:12.074073,en,b7f05899-3d09-5ca6-b919-ff9c84cf79de.txt,0a4MMyCrzT0En247IhqZbD
https://genius.com/Genius-english-translations-newjeans-hype-boy-english-translation-lyrics,2023-02-03 16:11:14.015434,en,ae9cb7cb-5e29-53dd-b9b4-f8647e01e992.txt,0a4MMyCrzT0En247IhqZbD
https://genius.com/Genius-traducciones-al-espanol-newjeans-hype-boy-traduccion-al-espanol-lyrics,2023-02-03 16:12:05.223590,es,b99f00f5-6320-5937-a626-a8efa8fd0df7.txt,0a4MMyCrzT0En247IhqZbD
https://genius.com/Genius-hindi-translations-newjeans-hypeboy-lyrics,2023-02-03 16:12:58.037106,hi,6db05514-c49e-54d5-a450-9b27074465ec.txt,0a4MMyCrzT0En247IhqZbD
https://genius.com/Genius-brasil-traducoes-newjeans-hype-boy-traducao-em-portugues-lyrics,2023-02-03 16:13:47.776250,pt,d63eeeab-a937-5a0a-9725-ae5ad72a07df.txt,0a4MMyCrzT0En247IhqZbD
https://genius.com/Genius-thai-translations-newjeans-hype-boy-lyrics,2023-02-03 16:14:44.512929,th,71f54cc9-ed27-5703-934c-f88c22191367.txt,0a4MMyCrzT0En247IhqZbD
https://genius.com/Genius-romanizations-newjeans-hype-boy-romanized-lyrics,2023-02-03 16:15:39.276080,en_rom,66823e19-cad6-5576-be59-345de243ebc2.txt,0a4MMyCrzT0En247IhqZbD
https://genius.com/Genius-ukrainian-translations-newjeans-hype-boy-lyrics,2023-02-03 16:16:31.029435,uk,f266458e-f473-5651-b718-c438ba39b704.txt,0a4MMyCrzT0En247IhqZbD
https://genius.com/Renran-asuka-and-a-cicada-lyrics,2023-02-03 16:17:29.364004,zh,06f12d01-d866-5487-8918-fdff61237ff7.txt,6XBL9naPxZjATbmGAWGJ9V
https://genius.com/Arrow-wei-rain-or-shine-lyrics,2023-02-03 16:17:31.056557,zh,d764bfea-21bc-5555-af1e-a3b75e7785c5.txt,2VEt42QSQxILgEf9B50xxm
https://genius.com/Joker-xue-actor-lyrics,2023-02-03 16:17:32.496314,zh,e2ad64e4-6573-5b88-8c6d-1a1cfe9faa74.txt,1IVj6CsBbTgOEpo0W6hgwN
https://genius.com/Drake-and-21-savage-circo-loco-lyrics,2023-02-03 16:17:33.863561,en,0d877834-8618-5470-8d8b-b3c50866f62b.txt,1pbb71pOKB5iqfkju4NmPj
https://genius.com/Genius-traducciones-al-espanol-drake-and-21-savage-circo-loco-traduccion-al-espanol-lyrics,2023-02-03 16:17:34.874631,es,73d99cbf-0b95-5bd7-bef0-03a50075cb23.txt,1pbb71pOKB5iqfkju4NmPj
https://genius.com/Genius-brasil-traducoes-drake-and-21-savage-circo-loco-traducao-em-portugues-lyrics,2023-02-03 16:18:22.600796,pt,75b51846-a02e-5e69-b8a7-db3dfd1f98b6.txt,1pbb71pOKB5iqfkju4NmPj
https://genius.com/She-twn-magic-lyrics,2023-02-03 16:19:19.679317,en,0836e1d3-cda4-5a86-8149-75b6a7bfd71b.txt,0Eh0C7rpC5E0sPy4OcLdsq
https://genius.com/Accusefive-somewhere-in-time-lyrics,2023-02-03 16:19:21.046937,zh,c66d7587-c1c3-59e1-8ffd-b3b418a01e30.txt,27FOde2nUw0pFuj7hlPbaS
https://genius.com/Justin-bieber-baby-lyrics,2023-02-03 16:33:47.084318,en,5276b7c3-ac1a-5d53-b4b5-0503a4921bd8.txt,39HrUxcvKF3jtLz7fUDWXc
https://genius.com/Genius-brasil-traducoes-justin-bieber-baby-ft-ludacris-traducao-em-portugues-lyrics,2023-02-03 16:33:48.141204,pt,e3d38cac-a406-5792-b057-d20bdfeb9681.txt,39HrUxcvKF3jtLz7fUDWXc
https://genius.com/Genius-traductions-francaises-justin-bieber-baby-traduction-francaise-lyrics,2023-02-03 16:34:43.928197,fr,426377fd-0190-5ac0-b713-7d44cbc10be6.txt,39HrUxcvKF3jtLz7fUDWXc
https://genius.com/Genius-japanese-translations-justin-bieber-baby-lyrics,2023-02-03 16:35:36.629587,en,7999a8f2-ee99-5a76-851b-b65671df655c.txt,39HrUxcvKF3jtLz7fUDWXc
https://genius.com/Genius-traducciones-al-espanol-justin-bieber-baby-ft-ludacris-traduccion-al-espanol-lyrics,2023-02-03 16:36:30.385261,es,26ba91c9-ea35-50b7-8b50-edc6b54761e3.txt,39HrUxcvKF3jtLz7fUDWXc
https://genius.com/Vicky-chen-zhi-ai-female-version-lyrics,2023-02-03 16:37:28.456331,zh,b9a5228f-518e-5c58-bad4-546aa9346701.txt,3CEkc8f1UDvI7kohz3ARpA
https://genius.com/Twice-moonlight-sunrise-lyrics,2023-02-03 16:37:31.694073,en,ffd672e0-1ce5-5ecd-ad09-efcfc46bdcd2.txt,38DlSDrx9tgc5Gfq6y3aBa
https://genius.com/Genius-traducciones-al-espanol-twice-moonlight-sunrise-traduccion-al-espanol-lyrics,2023-02-03 16:37:32.764939,es,669931f5-c344-51d1-a0b4-523c1995720a.txt,38DlSDrx9tgc5Gfq6y3aBa
https://genius.com/Genius-japanese-translations-twice-moonlight-sunrise-lyrics,2023-02-03 16:38:19.510163,ja,0857fa91-8c54-5e43-8e31-492d885f3308.txt,38DlSDrx9tgc5Gfq6y3aBa
https://genius.com/Genius-chinese-translations-twice-moonlight-sunrise-lyrics,2023-02-03 16:39:07.244680,zh,e44840ff-f7b2-59f4-b6e4-8a5848414165.txt,38DlSDrx9tgc5Gfq6y3aBa
https://genius.com/Genius-magyar-forditasok-twice-moonlight-sunrise-magyar-forditas-lyrics,2023-02-03 16:40:01.935446,hu,5c39cb1c-f192-5be7-8cd3-f707aaee6aa0.txt,38DlSDrx9tgc5Gfq6y3aBa
https://genius.com/Genius-korean-translations-twice-moonlight-sunrise-lyrics,2023-02-03 16:40:52.693286,ko,132f203b-318c-5f0d-8ea7-d02c9ae859f4.txt,38DlSDrx9tgc5Gfq6y3aBa
https://genius.com/The-kid-laroi-without-you-lyrics,2023-02-03 16:41:46.157677,en,6f2979ec-5414-566b-8729-23ae5ce59949.txt,0KWnRv3wxjltYVB3MqjNd2
https://genius.com/Genius-turkce-ceviri-the-kid-laroi-without-you-turkce-ceviri-lyrics,2023-02-03 16:41:47.258695,tr,ec1efc93-0c76-583e-b891-721af0b78cd5.txt,0KWnRv3wxjltYVB3MqjNd2
https://genius.com/Genius-traducciones-al-espanol-the-kid-laroi-without-you-traduccion-al-espanol-lyrics,2023-02-03 16:42:41.012007,es,5284fc7b-8d90-5eb6-981b-ce0bfd0e6fac.txt,0KWnRv3wxjltYVB3MqjNd2
https://genius.com/Genius-traduzioni-italiane-the-kid-laroi-without-you-traduzione-italiana-lyrics,2023-02-03 16:43:34.742882,it,86af7b3c-2691-5d7a-8840-8f4dae4a414f.txt,0KWnRv3wxjltYVB3MqjNd2
https://genius.com/Genius-traductions-francaises-the-kid-laroi-without-you-traduction-francaise-lyrics,2023-02-03 16:44:32.497056,fr,4b7538cf-d1e9-56e2-aa98-aec16042277d.txt,0KWnRv3wxjltYVB3MqjNd2
https://genius.com/Carolus-li-annotated,2023-02-03 16:45:19.555159,zh,40b174f0-1e53-5b50-a186-64c9baeb1ad1.txt,4QZMBVrBLAvBryj8ZJIIY2
https://genius.com/Original-broadway-cast-of-next-to-normal-im-alive-lyrics,2023-02-03 16:45:22.375008,en,d54df47f-6009-5850-a92f-e312bee3a2f4.txt,0FfNFvy5KRRyB2snvK39zL
https://genius.com/Spotify-new-music-friday-01-13-23-annotated,2023-02-03 16:45:24.395054,en,f7c15078-0812-509e-b3b6-9a925c03273a.txt,61AZsmFB3VoJdmraMk5ZSn
https://genius.com/Sammi-cheng-come-back-to-me-lyrics,2023-02-03 16:45:25.756772,zh,eeee22b3-1bf6-56de-b718-8dee45003adb.txt,69AvckyixY1AIGRYDZ1QnO
https://genius.com/Far-east-movement-bamboo-lyrics,2023-02-03 16:45:27.154772,en,92cb7600-7190-552f-8286-c673036dcd3d.txt,4U0bL1ouvksMgvXU2aKq4O
https://genius.com/Le-sserafim-antifragile-lyrics,2023-02-03 16:45:28.545289,ko,5b3f0da3-693a-51b4-bcd3-6787c6a5f4cc.txt,4fsQ0K37TOXa3hEQfjEic1
https://genius.com/Genius-romanizations-le-sserafim-antifragile-romanized-lyrics,2023-02-03 16:45:31.012893,en_rom,0a65bbc7-2217-5730-a976-683ea435da92.txt,4fsQ0K37TOXa3hEQfjEic1
https://genius.com/Genius-english-translations-le-sserafim-antifragile-english-translation-lyrics,2023-02-03 16:46:20.465250,en,3c3a743c-2530-5c0f-9b93-75be66927f9f.txt,4fsQ0K37TOXa3hEQfjEic1
https://genius.com/Genius-japanese-translations-le-sserafim-antifragile-lyrics,2023-02-03 16:47:13.670977,en,ac1648ef-21d7-54fe-bfa7-9177d470b79e.txt,4fsQ0K37TOXa3hEQfjEic1
https://genius.com/Genius-thai-translations-le-sserafim-antifragile-lyrics,2023-02-03 16:47:59.976147,en,137f177a-1f68-56af-a01e-e43ab6735075.txt,4fsQ0K37TOXa3hEQfjEic1
https://genius.com/Genius-traducciones-al-espanol-le-sserafim-antifragile-traduccion-al-espanol-lyrics,2023-02-03 16:48:59.763152,es,501bb58b-5d20-57cd-8832-8bd11cabe089.txt,4fsQ0K37TOXa3hEQfjEic1
https://genius.com/Genius-brasil-traducoes-le-sserafim-antifragile-traducao-em-portugues-lyrics,2023-02-03 16:49:56.498897,pt,d91244b1-ebdf-59de-ac6c-dbaaada02f71.txt,4fsQ0K37TOXa3hEQfjEic1
https://genius.com/Eric-chou-lets-not-be-friends-anymore-lyrics,2023-02-03 16:50:48.549501,zh,08ae95f2-ed49-505f-a6f9-16b3bb008213.txt,3V2v19gDm4rmRkMwcgS4X2
https://genius.com/James-arthur-say-you-wont-let-go-lyrics,2023-02-03 16:50:54.054491,en,ac0b2990-017e-5bcc-9624-2d30b163573c.txt,6FSOibqLCbhFrmGdqMbwiZ
https://genius.com/Genius-greek-translations-james-arthur-say-you-wont-let-go-greek-translation-lyrics,2023-02-03 16:50:55.196327,el,961f42ec-3a4d-5912-b140-c1144a86e1d3.txt,6FSOibqLCbhFrmGdqMbwiZ
https://genius.com/James-arthur-james-arthur-say-you-wont-let-go-turkce-ceviri-lyrics,2023-02-03 16:51:42.983180,tr,528d1440-8257-5168-87cd-514f9a24beb5.txt,6FSOibqLCbhFrmGdqMbwiZ
https://genius.com/Genius-brasil-traducoes-james-arthur-say-you-wont-let-go-traducao-em-portugues-lyrics,2023-02-03 16:52:31.719453,pt,2bc2b320-f7da-537c-aea1-c825afeec1a3.txt,6FSOibqLCbhFrmGdqMbwiZ
https://genius.com/Genius-deutsche-ubersetzungen-james-arhur-say-you-wont-let-go-deutsche-ubersetzung-lyrics,2023-02-03 16:53:28.459714,de,170d136d-4aa2-582d-bfc2-d4e0f5ee68c4.txt,6FSOibqLCbhFrmGdqMbwiZ
https://genius.com/And-anson-lo-and-edan-lui-sudden-heartbeat-lyrics,2023-02-03 16:54:26.358557,zh,82d51a70-3c04-5cf3-9438-2b743fe35b49.txt,7IiSESHLOtsoEXTlXa0bjJ
https://genius.com/Chengdu-corp-2022-cypher-pt2-lyrics,2023-02-03 16:54:27.796557,zh,7541d0e5-aeee-538d-84fb-a5c81054c701.txt,7tgzj2IqzSgUpxUhjmcF5m
https://genius.com/Blackpink-pink-venom-lyrics,2023-02-03 16:54:29.266556,en,3cfec1a4-7ba3-5986-932f-488596b89d98.txt,5zwwW9Oq7ubSxoCGyW1nbY
https://genius.com/Genius-ukrainian-translations-blackpink-pink-venom-lyrics,2023-02-03 16:54:30.459557,uk,181cc887-43fd-58d2-96cc-7f9324c21af0.txt,5zwwW9Oq7ubSxoCGyW1nbY
https://genius.com/Genius-turkce-ceviri-blackpink-pink-venom-turkce-ceviri-lyrics,2023-02-03 16:55:17.223938,en,a308c27d-3401-5a5d-bcee-fb6d5f64127f.txt,5zwwW9Oq7ubSxoCGyW1nbY
https://genius.com/Genius-thai-translations-blackpink-pink-venom-lyrics,2023-02-03 16:56:17.030999,ru,105ab3e0-2045-5f89-b23b-32acdf91c3e5.txt,5zwwW9Oq7ubSxoCGyW1nbY
https://genius.com/Genius-traducciones-al-espanol-blackpink-pink-venom-traduccion-al-espanol-lyrics,2023-02-03 16:57:10.793549,es,e2f411fa-3ea3-5bed-84cd-6b014234bcf3.txt,5zwwW9Oq7ubSxoCGyW1nbY
https://genius.com/Genius-russian-translations-blackpink-pink-venom-lyrics,2023-02-03 16:57:57.566660,ru,a9931a11-70e4-5991-89f8-e7a2f1c447b4.txt,5zwwW9Oq7ubSxoCGyW1nbY
https://genius.com/Genius-brasil-traducoes-blackpink-pink-venom-traducao-em-portugues-lyrics,2023-02-03 16:58:50.285419,pt,2208a1c6-27a8-588a-b812-10e67e7ea719.txt,5zwwW9Oq7ubSxoCGyW1nbY
https://genius.com/Genius-japanese-translations-blackpink-pink-venom-lyrics,2023-02-03 16:59:39.023574,ja,ac54dac0-c2f1-5416-a3f7-6406060bc076.txt,5zwwW9Oq7ubSxoCGyW1nbY
https://genius.com/Genius-traduzioni-italiane-blackpink-pink-venom-traduzione-italiana-lyrics,2023-02-03 17:00:25.824304,en,e7bb92e1-eeeb-55e5-8c7c-ac9ee0a14f34.txt,5zwwW9Oq7ubSxoCGyW1nbY
https://genius.com/Genius-hindi-translations-blackpink-pink-venom-lyrics,2023-02-03 17:01:14.637939,hi,3aa37c30-cafe-56b5-afc5-af148cd6fbd8.txt,5zwwW9Oq7ubSxoCGyW1nbY
https://genius.com/Genius-traductions-francaises-blackpink-pink-venom-traduction-francaise-lyrics,2023-02-03 17:02:12.376069,en,733004bb-581e-53ea-909c-4ba5433f9527.txt,5zwwW9Oq7ubSxoCGyW1nbY
https://genius.com/Genius-english-translations-blackpink-pink-venom-english-translation-lyrics,2023-02-03 17:03:00.269404,en,b0df4353-16bf-5b7b-9d85-0145c4f8c09d.txt,5zwwW9Oq7ubSxoCGyW1nbY
https://genius.com/Genius-translations-blackpink-pink-venom-hrvatski-prijevod-lyrics,2023-02-03 17:04:00.102666,en,a9e95877-41e4-576d-9655-7905cf085f7b.txt,5zwwW9Oq7ubSxoCGyW1nbY
https://genius.com/Genius-romanizations-blackpink-pink-venom-romanized-lyrics,2023-02-03 17:04:47.909257,en_rom,091b3c64-76a4-5255-9a16-a3f9d02fbb5a.txt,5zwwW9Oq7ubSxoCGyW1nbY
https://genius.com/Genius-chinese-translations-blackpink-pink-venom-lyrics,2023-02-03 17:05:40.991789,ja,a567882f-cc3d-5f38-bc72-46b5abe84f2a.txt,5zwwW9Oq7ubSxoCGyW1nbY
https://genius.com/Genius-srpski-prevodi-blackpink-pink-venom-srpski-prevod-lyrics,2023-02-03 17:06:33.821531,en,215ef78a-5e14-5561-bc58-8349d301600a.txt,5zwwW9Oq7ubSxoCGyW1nbY
https://genius.com/Genius-macedonian-translations-blackpink-pink-venom-lyrics,2023-02-03 17:07:21.704857,ru,1ade2c62-b420-569e-987d-16e40d653214.txt,5zwwW9Oq7ubSxoCGyW1nbY
https://genius.com/Carolus-the-lady-who-was-a-beggar-annotated,2023-02-03 17:08:08.092359,zh,f45d425a-28e1-5ad0-a719-21523b6ebc2b.txt,6ZxvapmYLdLdRCdIFR0NRQ
https://genius.com/10-feet-dai-zero-kan-lyrics,2023-02-03 17:08:09.445032,ja,e1584467-8cb9-57f2-ae8f-1f0a45abb791.txt,6zjk7Qbwb9DZ4ykUUoqknh
https://genius.com/Genius-romanizations-10-feet-dai-zero-kan-romanized-lyrics,2023-02-03 17:08:11.009032,en_rom,aff36c24-26c6-55ff-b4bf-6cdb79c23877.txt,6zjk7Qbwb9DZ4ykUUoqknh
https://genius.com/Tomorrow-x-together-sugar-rush-ride-lyrics,2023-02-03 17:09:14.611559,ko,7bda47a7-e996-5e20-b52c-3d70a53b59c0.txt,0rhI6gvOeCKA502RdJAbfs
https://genius.com/Genius-romanizations-tomorrow-x-together-sugar-rush-ride-romanized-lyrics,2023-02-03 17:09:17.373389,en_rom,3b7202c6-0fd6-5364-9e7c-56fa33118eb7.txt,0rhI6gvOeCKA502RdJAbfs
https://genius.com/Genius-english-translations-tomorrow-x-together-sugar-rush-ride-english-translation-lyrics,2023-02-03 17:10:09.175699,en,93513e13-2e50-53fc-a38a-3bda9f7d1745.txt,0rhI6gvOeCKA502RdJAbfs
https://genius.com/Genius-traducciones-al-espanol-tomorrow-x-together-sugar-rush-ride-traduccion-al-espanol-lyrics,2023-02-03 17:10:57.918554,es,31a27a25-0436-5403-82ce-5da89abed3ae.txt,0rhI6gvOeCKA502RdJAbfs
https://genius.com/The-1975-somebody-else-lyrics,2023-02-03 17:12:00.591562,en,0095ebf8-116e-5863-afce-a01a52706f8d.txt,6gOZzuHIApHtAPTelkOMUc
https://genius.com/Genius-turkce-ceviri-the-1975-somebody-else-turkce-ceviri-lyrics,2023-02-03 17:12:01.704997,tr,2b8cf417-64ec-5d67-a0f8-0effc8c4d74b.txt,6gOZzuHIApHtAPTelkOMUc
https://genius.com/Genius-traducciones-al-espanol-the-1975-somebody-else-traduccion-al-espanol-lyrics,2023-02-03 17:12:50.385020,es,7fb71f48-3c55-5753-ae39-a14d882a9267.txt,6gOZzuHIApHtAPTelkOMUc
https://genius.com/Lexie-liu-sleep-away-lyrics,2023-02-03 17:13:43.435680,en,020c1618-05db-5105-b646-ac90691032c6.txt,4Rt9k4SE8dbfKzngxKJPq9
https://genius.com/Genius-english-translations-lexie-liu-sleep-away-english-translation-lyrics,2023-02-03 17:13:44.738208,en,ee6b4849-f2de-58db-9ec6-de1999c91497.txt,4Rt9k4SE8dbfKzngxKJPq9
https://genius.com/Genius-romanizations-lexie-liu-sleep-away-romanized-lyrics,2023-02-03 17:14:36.423166,vi_rom,965a0e59-9ee1-54bc-aa37-9087d2838c37.txt,4Rt9k4SE8dbfKzngxKJPq9
https://genius.com/Charlie-puth-attention-lyrics,2023-02-03 17:15:30.537782,en,baaf9945-2fde-5e6c-984c-2f0fe7fe964f.txt,2pIUpMhHL6L9Z5lnKxJJr9
https://genius.com/Genius-deutsche-ubersetzungen-charlie-puth-attention-deutsche-ubersetzung-lyrics,2023-02-03 17:15:31.587857,de,c22ec66c-56e4-5caf-b774-570aeda636ea.txt,2pIUpMhHL6L9Z5lnKxJJr9
https://genius.com/Kolor-time-lag-lyrics,2023-02-03 17:16:21.656940,zh,ee322bad-4913-59a7-a8d7-9d5379b802a0.txt,3uvoZKtpufJ9F2ETKGPlh5
https://genius.com/Lvbel-c5-dacia-lyrics,2023-02-03 17:16:22.982100,tr,6400e799-bee3-5e03-9fb3-8225d2f7fc19.txt,0okYvXKPqzZpj3iZrJH6JK
https://genius.com/Sagopa-kajmer-affetmem-lyrics,2023-02-03 17:16:25.014099,tr,6561f558-eafa-52bc-8f1a-5f333f764b53.txt,3WCrBnWabeuTk2wr6UwaYV
https://genius.com/Mert-demir-and-mabel-matiz-antidepresan-lyrics,2023-02-03 17:16:28.749557,tr,8457126a-7b9f-579a-ba5f-f2f7314c4db1.txt,4OH5Cd8ZOI1eSgJSC9PYmU
https://genius.com/Genius-english-translations-mert-demir-and-mabel-matiz-antidepresan-english-translation-lyrics,2023-02-03 17:16:30.646557,en,ba4dea3d-d325-50af-bc11-0d00874cf97a.txt,4OH5Cd8ZOI1eSgJSC9PYmU
https://genius.com/Heijan-and-muti-imparator-lyrics,2023-02-03 17:17:26.670745,tr,9c35bf6e-3a5b-55c8-9302-7ccecce45227.txt,7lOGCEsmoHqai3PHS9kbTa
https://genius.com/Deha-inc-and-reckol-talibana-lyrics,2023-02-03 17:17:28.046656,tr,dd4e347d-bf9d-5b97-af34-99d9dbca9ab4.txt,7wANX4VfTwrZrL6inJrqCM
https://genius.com/Lvbel-c5-and-gunes-nkbi-x-yapamam-remix-lyrics,2023-02-03 17:17:29.440130,tr,62c3de1c-c274-5c6f-8482-c87d67bf104c.txt,4ist5GP5r7UDz9gdsiJmYd
https://genius.com/Kofn-bi-tek-ben-anlarm-lyrics,2023-02-03 17:17:30.827482,tr,df58ed34-18a7-5c8e-a00a-af740f4fc164.txt,7toL7Re9rApzIuIFDaLQSe
https://genius.com/Simge-askn-olaym-lyrics,2023-02-03 17:17:33.628914,tr,04c85da5-6eb9-5a5f-824a-7b63d71f5b65.txt,4o4kbDP7DMVFPwAf5D5bj9
https://genius.com/Ceza-holocaust-lyrics,2023-02-03 17:17:35.017798,tr,1bcabf75-e49d-5f34-aed1-153c0c74f988.txt,5ATwkalJ9FnLp7Zcvxo1rl
https://genius.com/Mabel-matiz-frtnadaym-lyrics,2023-02-03 17:17:36.391021,tr,62e69609-6d47-5aec-ba66-3fdf55b44684.txt,3QopdONAzZHRO1P4UQrNvw
https://genius.com/Motive-10mg-lyrics,2023-02-03 17:17:37.738891,tr,37148e03-e22a-584f-a0ae-c414089c2827.txt,1MbZ6YY51arGV7mqeAb0y4
https://genius.com/Genius-english-translations-motive-10mg-english-translation-lyrics,2023-02-03 17:17:38.831910,en,15ddfb6b-90a3-5d56-93a0-791c31d6a622.txt,1MbZ6YY51arGV7mqeAb0y4
https://genius.com/Semicenk-unutmak-oyle-kolay-m-sandn-lyrics,2023-02-03 17:18:26.908603,tr,beee9a16-8e19-578c-bb2d-88ecad2d4cc1.txt,2Pe8d9oClBgLkkz2N35AiN
https://genius.com/Ezhel-kugulu-park-lyrics,2023-02-03 17:18:28.287022,tr,da0eb4df-2ee9-58bd-94bb-f147d176f46a.txt,4BeGu2WQNlpiREpmWGHD8U
https://genius.com/Cakal-arem-ozguc-and-arman-aydn-diyardan-diyara-lyrics,2023-02-03 17:18:29.635683,tr,3e546b3b-3673-56e2-b894-0675abb2c6ad.txt,7Ebb2WheOGGauCH2wuQB55
https://genius.com/Uzi-and-mavi-senin-ugruna-lyrics,2023-02-03 19:33:01.172532,tr,fc790301-894c-5879-a235-28d670f2f2bc.txt,5flH7FY4ledAQboO5a0XQ5
https://genius.com/Genius-english-translations-uzi-senin-ugruna-ft-mavi-english-translation-lyrics,2023-02-03 19:33:02.978197,en,725b8daf-bb54-5cba-987b-8e02ff33b9f0.txt,5flH7FY4ledAQboO5a0XQ5
https://genius.com/Sakiler-yalan-brak-lyrics,2023-02-03 19:33:49.358438,tr,917645f8-cbb1-50f4-8b70-743eb0cda5e1.txt,755Pja1zaA687Vql25NHwP
https://genius.com/Mavi-gri-olumle-yasam-arasnda-lyrics,2023-02-03 19:33:51.025308,tr,d0046d8c-d250-53a4-99f8-55cb1f36ef16.txt,3ABGx9FyeEdMCjDR5TyfdV
https://genius.com/Lil-baby-and-drake-yes-indeed-lyrics,2023-02-03 19:33:52.942986,en,7e1a1ac3-6034-55b0-b098-d27702a6cf14.txt,4HuB9A0O1XwmwTVtTgODm8
https://genius.com/Drake-from-time-lyrics,2023-02-03 19:33:57.218800,en,13dbfe7a-01cd-588f-a3d4-af40b9ec9a02.txt,0XNX9BCSWvEwsdBwUTRhMh
https://genius.com/Genius-turkce-ceviri-drake-from-time-ft-jhene-aiko-turkce-ceviri-lyrics,2023-02-03 19:34:01.057670,tr,79cc6364-8b1c-52d9-ad0f-ff53d96636cb.txt,0XNX9BCSWvEwsdBwUTRhMh
https://genius.com/Mavi-tr-deniyorum-ama-lyrics,2023-02-03 19:35:02.980699,tr,8c9cf0c1-9d20-520f-ba4d-a15d74da2e5b.txt,4yhO1qzAICkyoN0w2P2Za4
https://genius.com/Can-koc-gokyuzunu-tutamam-lyrics,2023-02-03 19:35:05.216846,tr,9a517e82-1a95-53b2-b0ca-63148c8e90b8.txt,4O9hcXs1ohtbw4xnMU8wfo
https://genius.com/Mavi-gri-altust-olmusum-lyrics,2023-02-03 19:35:06.796522,tr,10dcd36e-eec2-5bc1-86b7-92a824fc3645.txt,13THdxqHT11aSk3G8nUDzZ
https://genius.com/Cakal-and-eftalya-yagc-hayir-lyrics,2023-02-03 19:35:09.823160,tr,1454d646-3531-5aab-81a9-25f4427943b7.txt,2V4rAqDOrVzthQXJ0PpoNW
https://genius.com/Semicenk-sevecek-sandm-lyrics,2023-02-03 19:35:11.463174,tr,e1c114bc-950c-57aa-9008-e1053a8dcfca.txt,7dWOeNUJfixlvUcpZD90YE
https://genius.com/Gazapizm-and-melike-sahin-olur-mu-lyrics,2023-02-03 19:35:14.100801,tr,1a211055-a0e0-593f-a87e-c3e36fc901bf.txt,45dj2Fx0LiZgSuXGnyLDRG
https://genius.com/Madrigal-seni-dert-etmeler-lyrics,2023-02-03 19:35:15.688901,tr,1ab1ae14-6a1b-50d0-bc8e-307698869811.txt,10n66m41IGjA2ZulKPK7Ew
https://genius.com/Genius-english-translations-madrigal-seni-dert-etmeler-english-translation-lyrics,2023-02-03 19:35:17.294722,en,e6dcb8d0-3407-54cc-a943-6bbb2d2fd40b.txt,10n66m41IGjA2ZulKPK7Ew
https://genius.com/Dedubluman-sakladgn-bir-seyler-var-lyrics,2023-02-03 19:36:11.746549,tr,da7e8622-6df3-59d6-a373-779c63825fc7.txt,6t18CcJVpnFAoWfcZxiZtk
https://genius.com/Ate-diger-yarm-lyrics,2023-02-03 19:36:14.054721,tr,712f4193-8985-5655-b94e-164208ae8460.txt,38QSynLcDBfbETORhSsssH
https://genius.com/Gunes-nkbi-lyrics,2023-02-03 19:36:16.903720,tr,800a77b8-4e46-5507-9f1e-3275f5acf197.txt,7lkqbdBKrsyNNq3xi0LeaY
https://genius.com/Dedubluman-belki-akustik-lyrics,2023-02-03 19:36:19.007721,tr,33ac5741-288b-5f5f-a976-0b4e974b325f.txt,5nH1QRipfAJ8Pd9rFu3xHh
https://genius.com/Sehinsah-sayn-turk-lyrics,2023-02-03 19:36:22.300722,tr,2c20b2c6-1542-537a-af12-44c5a23ebd7a.txt,0K2nzvf5Pn6IO0Xyt36iNi
https://genius.com/Macklemore-and-ryan-lewis-downtown-lyrics,2023-02-03 19:36:26.886723,en,7813f8b6-a943-58d1-a9d2-d9b160bc780d.txt,0zQ8vXWLqSyBi5bYebveW1
https://genius.com/Sezen-aksu-firuze-lyrics,2023-02-03 19:36:28.699721,tr,6620f0aa-f6e3-5b78-b113-1a6ecd316caa.txt,7wy9gDTUipeY35NKn45ru5
https://genius.com/Genius-english-translations-sezen-aksu-firuze-english-translation-lyrics,2023-02-03 19:36:31.899721,en,1cd0ac72-f7ce-5f0f-81a3-191544a5eded.txt,7wy9gDTUipeY35NKn45ru5
https://genius.com/Gunes-suclarmdan-biri-lyrics,2023-02-03 19:37:23.250373,tr,ed138073-517e-542a-8aac-3e4073a7bdc0.txt,65tIJClJx8fHo6YW4wVDhi
https://genius.com/Semicenk-masal-gibi-lyrics,2023-02-03 19:37:26.455863,tr,95958c65-9d21-5ce6-8811-23d6a55321b9.txt,05QuKF12UfS8ReyTQKbs4o
https://genius.com/Yasl-amca-hep-de-yorgun-lyrics,2023-02-03 19:37:28.117862,tr,2b9bab01-d8bb-5f49-813b-07dac0925cc3.txt,0ywlnV6QEZneCbbqLev6qL
https://genius.com/Mor-ve-otesi-bir-derdim-var-lyrics,2023-02-03 19:37:29.824644,tr,1a63fa8b-26fa-55f9-b9a7-afbb2f009c70.txt,5UV2oqgMXvlkOvvtK3aT7f
https://genius.com/Bags-demirel-aglaya-aglaya-lyrics,2023-02-03 19:37:31.808520,tr,3c5dcd7b-1c39-5202-a6b3-d6d0b3ecce4f.txt,6TnN1PLNMaIBvnUB8mdVT1
https://genius.com/Uzi-arasan-da-lyrics,2023-02-03 19:37:34.824033,tr,8a667c91-7ea4-57eb-ad32-ffd19fad360d.txt,5sIHhx9IOpQ7ggv16wLsWZ
https://genius.com/Genius-english-translations-uzi-arasan-da-english-translation-lyrics,2023-02-03 19:37:36.970689,en,2bb8ede7-fd0d-52dd-bee6-bc78ae7d52f3.txt,5sIHhx9IOpQ7ggv16wLsWZ
https://genius.com/Dolu-kadehi-ters-tut-gitme-lyrics,2023-02-03 19:38:32.638778,tr,1aa9e292-25ac-5a17-83ce-0f0bac6861cc.txt,4Sng3wnol2Gb2yXgFdr9lj
https://genius.com/Rei-6-ah-canm-sevgilim-demo-lyrics,2023-02-03 19:38:34.943157,tr,d6ee4cff-fd60-51d9-b34f-5378aba315f2.txt,5kpkEb0M49YM516trGUSWS
https://genius.com/Lvbel-c5-gelmezsen-gelme-lyrics,2023-02-03 19:38:37.226337,tr,234eb8f4-5b98-5d85-a438-bfbd0ffd9ef7.txt,4qcngMZ8yF98sAnFKlvXPN
https://genius.com/Shanti-dope-nadarang-lyrics,2023-02-03 19:38:40.413998,tl,cee5c7fe-5117-50c1-a546-88007a1bbc6b.txt,18Ies0Fsw2IwDuLoOhDlyy
https://genius.com/Eminem-rap-god-lyrics,2023-02-03 19:44:32.692394,en,bb376ea6-c5f7-5cfd-9ca6-c259dd750a0d.txt,0r6tglSiN3TZTyRMvMCR5B
https://genius.com/Genius-turkce-ceviri-eminem-rap-god-turkce-ceviri-lyrics,2023-02-03 19:44:33.852030,tr,8d5f674c-cb6b-5c19-b539-e48c3ec8d20c.txt,0r6tglSiN3TZTyRMvMCR5B
https://genius.com/Genius-thai-translations-eminem-rap-god-thai-translation-lyrics,2023-02-03 19:45:27.690570,th,16940201-6120-5387-a20e-4e64ce1c615e.txt,0r6tglSiN3TZTyRMvMCR5B
https://genius.com/Genius-russian-translations-eminem-rap-god-lyrics,2023-02-03 19:46:14.735327,ru,9ce6201d-23a2-532a-bda1-7296c51a2821.txt,0r6tglSiN3TZTyRMvMCR5B
https://genius.com/Genius-brasil-traducoes-eminem-rap-god-traducao-em-portugues-lyrics,2023-02-03 19:47:08.550263,pt,8dcc9c6d-4119-52d9-982d-2aed1357ba6c.txt,0r6tglSiN3TZTyRMvMCR5B
https://genius.com/Genius-traduzioni-italiane-eminem-rap-god-traduzione-italiana-lyrics,2023-02-03 19:48:06.981271,it,9d65cf39-f995-5eec-b7a4-effd20143d61.txt,0r6tglSiN3TZTyRMvMCR5B
https://genius.com/Genius-hindi-translations-eminem-rap-god-lyrics,2023-02-03 19:48:57.096376,hi,7e6dd88c-34ef-5228-86db-f2e63dd05cc3.txt,0r6tglSiN3TZTyRMvMCR5B
https://genius.com/Genius-deutsche-ubersetzungen-eminem-rap-god-deutsche-ubersetzung-lyrics,2023-02-03 19:49:53.843198,de,0a61bfa7-15d7-54fd-96d3-2869830e52a6.txt,0r6tglSiN3TZTyRMvMCR5B
https://genius.com/Genius-traductions-francaises-eminem-rap-god-traduction-francaise-lyrics,2023-02-03 19:50:53.088192,fr,6a63527c-371c-5858-b841-bb5140357c38.txt,0r6tglSiN3TZTyRMvMCR5B
https://genius.com/Genius-traducciones-al-espanol-eminem-rap-god-traduccion-al-espanol-lyrics,2023-02-03 19:51:51.802977,es,a695872a-459a-5cd0-a844-d79b9d4766b5.txt,0r6tglSiN3TZTyRMvMCR5B
https://genius.com/Genius-translations-eminem-rap-god-cyfieithiad-cymraeg-lyrics,2023-02-03 19:52:50.250746,cy,1c274be2-189b-5321-919b-059fc6de2a83.txt,0r6tglSiN3TZTyRMvMCR5B
https://genius.com/Cem-karaca-herkes-gibisin-lyrics,2023-02-03 19:53:38.318520,tr,4649edd6-6d74-592c-b2ec-bc763713ce43.txt,7jnN5sT8rk6PIvBZRWYdJj
https://genius.com/Berkay-altunyay-olmazlara-inat-lyrics,2023-02-03 19:53:40.766101,tr,56fbbe0c-1980-5fc4-82a0-4e6da1496a8e.txt,11AkXmBdjwu4upt22GjJrG
https://genius.com/Janelle-monae-queen-lyrics,2023-02-03 19:53:44.127865,en,2e950b55-1f2c-5da2-9876-a3871ceb688c.txt,2MvIexkUblP1QdpBzKot3N
https://genius.com/Ezhel-nerdesin-lyrics,2023-02-03 19:53:46.821494,tr,028d4d7a-b884-55a9-b27a-e3606d83a5b0.txt,2SwQShWjZsxoGviEyaEMOX
https://genius.com/Genius-english-translations-ezhel-nerdesin-english-translation-lyrics,2023-02-03 19:53:48.307300,en,c4b60e36-2345-5738-8f16-32565d09fa47.txt,2SwQShWjZsxoGviEyaEMOX
https://genius.com/Headie-one-martins-sofa-lyrics,2023-02-03 19:54:42.365107,en,c5a73f34-d615-518f-b05a-f90b212de928.txt,6iJUSrA6XoX4FNLGPqzHOv
https://genius.com/Venbee-and-goddard-messy-in-heaven-lyrics,2023-02-03 19:54:44.998430,en,1a0476e1-cc5e-5b21-b127-75f9c45bebe9.txt,5RobAV5ROH5KARimi7n3cO
https://genius.com/Tiesto-and-tate-mcrae-10-35-lyrics,2023-02-03 19:54:48.284315,en,9ea1c23b-de77-5a43-a91c-077b43517330.txt,6BePGk3eCan4FqaW2X8Qy3
https://genius.com/Travis-scott-stargazing-lyrics,2023-02-03 19:54:54.123146,en,5e2f30bf-e9b7-52dd-9fc0-3ed4db1a712b.txt,220n79cLlh2NwvlIEEKpKt
https://genius.com/Genius-traducciones-al-espanol-travis-scott-stargazing-traduccion-al-espanol-lyrics,2023-02-03 19:54:55.997308,es,b93f3a03-dcf6-536a-8dd3-8d23c540a955.txt,220n79cLlh2NwvlIEEKpKt
https://genius.com/Genius-russian-translations-travis-scott-stargazing-lyrics,2023-02-03 19:55:53.499142,ru,4ec0eb10-ec4c-5bfb-9f3e-bb930fdcdb4c.txt,220n79cLlh2NwvlIEEKpKt
https://genius.com/Genius-brasil-traducoes-travis-scott-stargazing-traducao-em-portugues-lyrics,2023-02-03 19:56:53.329790,pt,d7239f06-8ee5-5d25-b513-1018388e795d.txt,220n79cLlh2NwvlIEEKpKt
https://genius.com/Genius-traductions-francaises-travis-scott-stargazing-traduction-francaise-lyrics,2023-02-03 19:57:42.028083,fr,3168fee7-ecdd-5a04-ae94-879793f127d5.txt,220n79cLlh2NwvlIEEKpKt
https://genius.com/Nicki-minaj-only-lyrics,2023-02-03 19:58:45.520546,en,5a67ffdc-d523-504f-a1df-bf0a1915007f.txt,6UN73IYd0hZxLi8wFPMQij
https://genius.com/Tom-cardy-red-flags-lyrics,2023-02-03 19:58:48.060830,en,98529385-142a-54a1-be8b-d799847553cc.txt,2r7BOWS3bEYjEUbLiH8kVM
https://genius.com/Post-malone-psycho-lyrics,2023-02-03 19:58:55.032473,en,5a7719e8-fc7e-56f7-b852-40baab8f5963.txt,1eprzC29mwUQqcVj0eILdx
https://genius.com/Genius-nederlandse-vertalingen-post-malone-psycho-nederlandse-vertaling-lyrics,2023-02-03 19:58:57.106499,nl,174924cb-88ad-5fc4-91a5-5ce540783125.txt,1eprzC29mwUQqcVj0eILdx
https://genius.com/Genius-chinese-translations-post-malone-psycho-lyrics,2023-02-03 19:59:58.683401,zh,ae61f2aa-a2d2-5ffb-a7e9-6166d19698b1.txt,1eprzC29mwUQqcVj0eILdx
https://genius.com/Juice-wrld-lucid-dreams-lyrics,2023-02-03 20:00:48.454776,en,2b459016-c970-5c58-9330-b9b9b05611cd.txt,5uSFGgIfHMT3osrAd9n9ym
https://genius.com/Genius-turkce-ceviri-juice-wrld-lucid-dreams-turkce-ceviri-lyrics,2023-02-03 20:00:50.385251,tr,5d94da17-5d0c-59e3-b418-db94817128e6.txt,5uSFGgIfHMT3osrAd9n9ym
https://genius.com/Genius-russian-translations-juice-wrld-lucid-dreams-lyrics,2023-02-03 20:01:39.079045,ru,84769164-f879-54b5-b2c2-f4aacfd84829.txt,5uSFGgIfHMT3osrAd9n9ym
https://genius.com/Genius-traduceri-in-romana-juice-wrld-lucid-dreams-traducere-in-romana-lyrics,2023-02-03 20:02:25.468183,ro,a7296eef-f6ac-5e92-b2ad-ed91b43d7ed1.txt,5uSFGgIfHMT3osrAd9n9ym
https://genius.com/Genius-brasil-traducoes-juice-wrld-lucid-dreams-traducao-em-portugues-lyrics,2023-02-03 20:03:22.161451,pt,a2224972-9b33-50dc-96d9-17e70790dbc9.txt,5uSFGgIfHMT3osrAd9n9ym
https://genius.com/Genius-traduzioni-italiane-juice-wrld-lucid-dreams-traduzione-italiana-lyrics,2023-02-03 20:04:08.934733,en,823c0555-07c1-5b09-962c-87d9d31f4108.txt,5uSFGgIfHMT3osrAd9n9ym
https://genius.com/Genius-hebrew-translations-juice-wrld-lucid-dreams-lyrics,2023-02-03 20:05:03.326954,he,55967765-b3d1-5a0e-adff-300c92a9afcc.txt,5uSFGgIfHMT3osrAd9n9ym
https://genius.com/Genius-deutsche-ubersetzungen-juice-wrld-lucid-dreams-deutsche-ubersetzung-lyrics,2023-02-03 20:06:04.652754,de,9dd6c5e1-8c32-5880-a264-3051f334a5d0.txt,5uSFGgIfHMT3osrAd9n9ym
https://genius.com/Genius-traductions-francaises-juice-wrld-lucid-dreams-traduction-francaise-lyrics,2023-02-03 20:06:52.461744,fr,5a1afd28-39b4-580e-9392-82efd806fd31.txt,5uSFGgIfHMT3osrAd9n9ym
https://genius.com/Genius-farsi-translations-juice-wrld-lucid-dreams-lyrics,2023-02-03 20:07:49.796205,fa,a9356292-2129-5784-b6bc-6d1f901cd7ba.txt,5uSFGgIfHMT3osrAd9n9ym
https://genius.com/Genius-nederlandse-vertalingen-juice-wrld-lucid-dreams-nederlandse-vertaling-lyrics,2023-02-03 20:08:43.429134,en,e84b1970-5424-5ecb-8000-1fdab8ed6d8d.txt,5uSFGgIfHMT3osrAd9n9ym
https://genius.com/Genius-translations-juice-wrld-lucid-dreams-dansk-oversttelse-lyrics,2023-02-03 20:09:29.928484,da,ce5ca6c4-7d6f-5b1b-9815-b14d49011a84.txt,5uSFGgIfHMT3osrAd9n9ym
https://genius.com/Genius-traducciones-al-espanol-juice-wrld-lucid-dreams-traduccion-al-espanol-lyrics,2023-02-03 20:10:29.588948,es,e22cf52a-2231-502d-b346-4233d012f8b2.txt,5uSFGgIfHMT3osrAd9n9ym
